platform,wallet,nickname,rank,score,pnl,roi_pct,win_rate_pct,tx,estimated_wins,estimated_losses,estimated_loss_rate_pct,top_token_wins,top_token_losses,pnl_history_change,pnl_history_max_drawdown,top_tokens,profile_url
okx_web3,EC8egFiX38xDdR9Q2Xyps6yqnYe6nCLfcDNYUvU7kb1B,EC8egFiX38,8,25.4809,19918.171033,12983.716497,50.0,170,85.0,85.0,50.0,1,0,-7718.0,-7718.0,KINS,https://web3.okx.com/portfolio/EC8egFiX38xDdR9Q2Xyps6yqnYe6nCLfcDNYUvU7kb1B/analysis?chainIndex=501
okx_web3,2WM7WkBtBrpgWPQ6ne9X4BjPJhW6YzaGhyvYq5pfiT2i,2WM7WkBtBr,11,25.3392,15731.766214,1497.42677,66.6667,31,20.67,10.33,33.3333,2,0,691.0,-50.0,LOKI|SOLFC,https://web3.okx.com/portfolio/2WM7WkBtBrpgWPQ6ne9X4BjPJhW6YzaGhyvYq5pfiT2i/analysis?chainIndex=501
okx_web3,7KzetDAtK1SwpeM3B8BmLrHhuJhzd9vLwpuR4vop9bzN,7KzetDAtK1,1,25.0145,4207.417617,96030.044268,100.0,9,9.0,0.0,0.0,1,0,4207.0,0.0,Lucy,https://web3.okx.com/portfolio/7KzetDAtK1SwpeM3B8BmLrHhuJhzd9vLwpuR4vop9bzN/analysis?chainIndex=501
okx_web3,pVn3ZQJera6uC8BrSLquWU1SZAnDaUU1y3z5SAKvQ8F,pVn3ZQJera,3,24.3967,2495.807227,39765.29726,100.0,8,8.0,0.0,0.0,1,0,2012.0,0.0,KINS,https://web3.okx.com/portfolio/pVn3ZQJera6uC8BrSLquWU1SZAnDaUU1y3z5SAKvQ8F/analysis?chainIndex=501
okx_web3,7EBZzA6yhxd6iPybeL2HFumZ3TdDBJnzKGMG4RJQhx73,7EBZzA6yhx,27,23.6382,1148.718362,1067.811681,100.0,9,9.0,0.0,0.0,2,0,-1695.0,-1757.0,GTA6|冬冬,https://web3.okx.com/portfolio/7EBZzA6yhxd6iPybeL2HFumZ3TdDBJnzKGMG4RJQhx73/analysis?chainIndex=501
okx_web3,EYXDyx8yihoRNW8L9GmWZ3Gds1PfmRtkNCnvGvdoE3xa,EYXDyx8yih,19,22.9511,964.71168,1617.235259,100.0,3,3.0,0.0,0.0,3,0,0.0,0.0,FRANCE|ARGENTINA|SPAIN,https://web3.okx.com/portfolio/EYXDyx8yihoRNW8L9GmWZ3Gds1PfmRtkNCnvGvdoE3xa/analysis?chainIndex=501
okx_web3,4hzBc5NEH8wcyEV7z5ppJ1ZzmVEYoyrvJrtBhYgrUhvk,4hzBc5NEH8,9,22.7581,549.273512,3872.52761,100.0,8,8.0,0.0,0.0,1,0,88.0,0.0,Gnome,https://web3.okx.com/portfolio/4hzBc5NEH8wcyEV7z5ppJ1ZzmVEYoyrvJrtBhYgrUhvk/analysis?chainIndex=501
okx_web3,AcoNeFQsTPYs7ZrH8RMWaxxGJTTQJJ4H5aTXmptaz5UK,I̶l̷y̶,3,22.371,47314.822388,687.038591,36.8421,78,28.74,49.26,63.1579,3,0,26484.0,0.0,Jotchua|ELON|wCAT,https://web3.okx.com/portfolio/AcoNeFQsTPYs7ZrH8RMWaxxGJTTQJJ4H5aTXmptaz5UK/analysis?chainIndex=501
okx_web3,4XbAvbSL51KjdzkPLeNSZvWs9XskPvMT8WMkff5ZAYHe,4XbAvbSL51,26,22.0168,1535.209377,1086.744823,66.6667,5,3.33,1.67,33.3333,2,0,1512.0,0.0,SALT|SPCX,https://web3.okx.com/portfolio/4XbAvbSL51KjdzkPLeNSZvWs9XskPvMT8WMkff5ZAYHe/analysis?chainIndex=501
okx_web3,6vAh7uyu5bUxPBtXwVwBoyVh3LJ79WKY2CvJbrvH2PPr,6vAh7uyu5b,32,21.8678,1939.254755,914.831966,66.6667,13,8.67,4.33,33.3333,2,0,1430.0,0.0,CHANCE|fable,https://web3.okx.com/portfolio/6vAh7uyu5bUxPBtXwVwBoyVh3LJ79WKY2CvJbrvH2PPr/analysis?chainIndex=501
okx_web3,2PeLcYtap5PsfPxdfR4nK82PGSBTvhjcCz4oufnEmFrP,2PeLcYtap5,13,21.7974,171.119039,2124.309866,100.0,16,16.0,0.0,0.0,1,0,0.0,0.0,daedalus,https://web3.okx.com/portfolio/2PeLcYtap5PsfPxdfR4nK82PGSBTvhjcCz4oufnEmFrP/analysis?chainIndex=501
okx_web3,3mWG7DbH9BrQjX1j15xhK74n4HhUNwmxNZQv4AEXkn8e,3mWG7DbH9B,4,21.4474,41653.154468,677.631893,15.3846,200,30.77,169.23,84.6154,3,0,-343.0,-578.0,SLAB|DYLAN|HUNTER,https://web3.okx.com/portfolio/3mWG7DbH9BrQjX1j15xhK74n4HhUNwmxNZQv4AEXkn8e/analysis?chainIndex=501
okx_web3,25QgCWawBtVLNK8XmP6KSFz33b9KMsRsYkrghGE8KGGF,25QgCWawBt,48,21.3886,7174.10725,919.485177,14.2857,58,8.29,49.71,85.7143,1,0,565.0,0.0,three,https://web3.okx.com/portfolio/25QgCWawBtVLNK8XmP6KSFz33b9KMsRsYkrghGE8KGGF/analysis?chainIndex=501
okx_web3,GfSaL3imMyJbEGNqh2yWCyVB1jpzDpkhRoafuuKPGwd5,GfSaL3imMy,22,21.3314,176.664458,1443.341994,100.0,5,5.0,0.0,0.0,1,0,0.0,0.0,daedalus,https://web3.okx.com/portfolio/GfSaL3imMyJbEGNqh2yWCyVB1jpzDpkhRoafuuKPGwd5/analysis?chainIndex=501
okx_web3,94VKEBwRtDEwhTkN3jvBmECLXnbtMFJrTJGEgR6ZjAA3,94VKEBwRtD,24,21.257,164.857625,1373.7269,100.0,5,5.0,0.0,0.0,1,0,0.0,0.0,daedalus,https://web3.okx.com/portfolio/94VKEBwRtDEwhTkN3jvBmECLXnbtMFJrTJGEgR6ZjAA3/analysis?chainIndex=501
okx_web3,B49fuHxU4yMGwe1tGFFJNpoWyjTua5nXXK6KtfBLAGAY,B49fuHxU4y,20,20.9519,124.660643,1545.765331,100.0,5,5.0,0.0,0.0,1,0,0.0,0.0,daedalus,https://web3.okx.com/portfolio/B49fuHxU4yMGwe1tGFFJNpoWyjTua5nXXK6KtfBLAGAY/analysis?chainIndex=501
okx_web3,29vdV3sBguK5P8CcL6hREVqZH7MDdWBETLC8hk3uFUrz,29vdV3sBgu,50,20.8488,3327.503841,607.869283,100.0,8,8.0,0.0,0.0,1,0,3327.0,0.0,Lucy,https://web3.okx.com/portfolio/29vdV3sBguK5P8CcL6hREVqZH7MDdWBETLC8hk3uFUrz/analysis?chainIndex=501
okx_web3,61tYtJTDQfvVjBx7du5PBTwePQ55Y8Btz1fuwJbQSsbb,61tYtJTDQf,21,20.8419,112.583307,1469.75234,100.0,5,5.0,0.0,0.0,1,0,0.0,0.0,daedalus,https://web3.okx.com/portfolio/61tYtJTDQfvVjBx7du5PBTwePQ55Y8Btz1fuwJbQSsbb/analysis?chainIndex=501
okx_web3,Eo4R8pBvnCbdvxQdFXMrdQrdy71vkv5mTh8HTD3VrEh1,LaserCat397.eth,7,20.7914,23754.254781,395.329985,100.0,5,5.0,0.0,0.0,1,0,0.0,0.0,CARDS,https://web3.okx.com/portfolio/Eo4R8pBvnCbdvxQdFXMrdQrdy71vkv5mTh8HTD3VrEh1/analysis?chainIndex=501
okx_web3,7eypWBhjbxTuj4p6rpXi7nVp5zVB947YcpkFL69dyHPD,7eypWBhjbx,10,20.1389,1440.80225,3653.094622,22.2222,13,2.89,10.11,77.7778,2,0,1444.0,0.0,清正|ARGO,https://web3.okx.com/portfolio/7eypWBhjbxTuj4p6rpXi7nVp5zVB947YcpkFL69dyHPD/analysis?chainIndex=501
okx_web3,5xKZZCNiMVUDxE8ueoXzZPCR2StMEdgAuc6evE7SrZUH,5xKZZCNiMV,37,19.8851,865.597223,816.089112,66.6667,10,6.67,3.33,33.3333,2,0,0.0,0.0,DBT|BEN,https://web3.okx.com/portfolio/5xKZZCNiMVUDxE8ueoXzZPCR2StMEdgAuc6evE7SrZUH/analysis?chainIndex=501
okx_web3,o5ToUv98emv62jrUQNyan43FpAr31f6A2K4B8eRquuV,o5ToUv98em,36,19.8494,1571.154846,841.032595,50.0,7,3.5,3.5,50.0,1,0,1571.0,0.0,poke,https://web3.okx.com/portfolio/o5ToUv98emv62jrUQNyan43FpAr31f6A2K4B8eRquuV/analysis?chainIndex=501
okx_web3,2YBNcNrvvw95uYU8bysRrQJDTmpiQXcadY7S8kdehiLj,2YBNcNrvvw,11,19.7231,1390.083963,3316.483981,10.0,20,2.0,18.0,90.0,1,0,0.0,0.0,WORLDCUP,https://web3.okx.com/portfolio/2YBNcNrvvw95uYU8bysRrQJDTmpiQXcadY7S8kdehiLj/analysis?chainIndex=501
okx_web3,CWzdzyKUED6sWp1Sc2wTYtLdebZecvdJMkockGvRx73i,CWzdzyKUED,14,19.6492,318.745131,2095.828985,50.0,7,3.5,3.5,50.0,1,0,318.0,0.0,PUMPI,https://web3.okx.com/portfolio/CWzdzyKUED6sWp1Sc2wTYtLdebZecvdJMkockGvRx73i/analysis?chainIndex=501
okx_web3,338PNcRSzaJksX1ZbfhcSid24LyijfRKTDx4QzQNmgY6,338PNcRSza,6,19.4528,33674.91557,413.734245,30.7692,235,72.31,162.69,69.2308,3,0,197.0,-224.0,SLAB|scooby|GenZ,https://web3.okx.com/portfolio/338PNcRSzaJksX1ZbfhcSid24LyijfRKTDx4QzQNmgY6/analysis?chainIndex=501
okx_web3,2ibRsinT7KtVkjHvuzExG64pwZ3vx875VoNmz3ouWcN5,2ibRsinT7K,13,19.197,295.907587,2186.219556,50.0,3,1.5,1.5,50.0,1,0,-144.0,-144.0,BARS,https://web3.okx.com/portfolio/2ibRsinT7KtVkjHvuzExG64pwZ3vx875VoNmz3ouWcN5/analysis?chainIndex=501
okx_web3,BKxJ7621XUBU27iZKXGBDEmjYJRqYuqqx3RCy6czFrpv,BKxJ7621XU,47,19.1713,638.420106,649.825518,100.0,4,4.0,0.0,0.0,1,0,0.0,0.0,POG,https://web3.okx.com/portfolio/BKxJ7621XUBU27iZKXGBDEmjYJRqYuqqx3RCy6czFrpv/analysis?chainIndex=501
okx_web3,DnL2LqLhXxpbmy3GNDN5FEsDej73bN2WySc5YPEBskip,DnL2LqLhXx,34,19.0201,1464.291541,902.457708,25.0,6,1.5,4.5,75.0,1,0,0.0,0.0,26,https://web3.okx.com/portfolio/DnL2LqLhXxpbmy3GNDN5FEsDej73bN2WySc5YPEBskip/analysis?chainIndex=501
okx_web3,J9v5NSQCwnwSHeCDB8Knxab8gtey8o4idfi7dqnhNee1,J9v5NSQCwn,29,19.0035,314.594628,963.03166,40.0,10,4.0,6.0,60.0,2,0,0.0,0.0,PARQ|$mart,https://web3.okx.com/portfolio/J9v5NSQCwnwSHeCDB8Knxab8gtey8o4idfi7dqnhNee1/analysis?chainIndex=501
okx_web3,Ay9MXZp3x2pRakyzYwK92PFGo4V7xSyE5zSggVMVuqdf,Ay9MXZp3x2,35,18.5658,1534.870158,866.824422,20.0,7,1.4,5.6,80.0,1,0,0.0,0.0,ANTH,https://web3.okx.com/portfolio/Ay9MXZp3x2pRakyzYwK92PFGo4V7xSyE5zSggVMVuqdf/analysis?chainIndex=501
okx_web3,6Hj3SdHW4Bsx5TqZDBL1WA6zng1R67zG9YWxBBDj342L,6Hj3SdHW4B,38,18.5343,530.951072,809.450341,50.0,12,6.0,6.0,50.0,1,0,-10.0,-10.0,seized,https://web3.okx.com/portfolio/6Hj3SdHW4Bsx5TqZDBL1WA6zng1R67zG9YWxBBDj342L/analysis?chainIndex=501
okx_web3,4vw54BmAogeRV3vPKWyFet5yf8DTLcREzdSzx4rw9Ud9,decu,6,18.523,26468.164704,22.918734,66.2058,2680,1774.32,905.68,33.7942,3,0,696.0,-836.0,Popcat|BountyCraft|APU,https://web3.okx.com/portfolio/4vw54BmAogeRV3vPKWyFet5yf8DTLcREzdSzx4rw9Ud9/analysis?chainIndex=501
okx_web3,8zhMiAARc12kWRyVuVDZXi5YJDUC1mZhZL3CAsgnR8hN,8zhMiAARc1,12,18.5186,472.654762,2562.240409,20.0,6,1.2,4.8,80.0,1,0,43.0,0.0,PERPAD,https://web3.okx.com/portfolio/8zhMiAARc12kWRyVuVDZXi5YJDUC1mZhZL3CAsgnR8hN/analysis?chainIndex=501
okx_web3,AzY2jVhnQJPvJxFHpmSCP4VzGvByvaDtd4HyXabidi2n,troy,56,18.4211,809.582214,520.984953,100.0,6,6.0,0.0,0.0,1,0,0.0,0.0,NICO,https://web3.okx.com/portfolio/AzY2jVhnQJPvJxFHpmSCP4VzGvByvaDtd4HyXabidi2n/analysis?chainIndex=501
okx_web3,8qcXU8BrpHZQ1LSSz1dEf12xd1meXFo4vZQiJia7car3,8qcXU8BrpH,62,18.2641,1109.147586,489.283181,100.0,5,5.0,0.0,0.0,2,0,-393.0,-1063.0,PURGE|DuBist,https://web3.okx.com/portfolio/8qcXU8BrpHZQ1LSSz1dEf12xd1meXFo4vZQiJia7car3/analysis?chainIndex=501
okx_web3,9bRPstxnkwVaGUgXHkGd9QzniecqbjAhWKxk3oQyqVS7,9bRPstxnkw,84,18.2499,5202.783951,562.269779,50.0,6,3.0,3.0,50.0,1,0,5202.0,0.0,LOKI,https://web3.okx.com/portfolio/9bRPstxnkwVaGUgXHkGd9QzniecqbjAhWKxk3oQyqVS7/analysis?chainIndex=501
okx_web3,3LUfv2u5yzsDtUzPdsSJ7ygPBuqwfycMkjpNreRR2Yww,Domy,2,18.2208,58952.692671,16.738949,41.5617,3108,1291.74,1816.26,58.4383,3,0,23143.0,-779.0,Nietzschean |drillpigius|Tung,https://web3.okx.com/portfolio/3LUfv2u5yzsDtUzPdsSJ7ygPBuqwfycMkjpNreRR2Yww/analysis?chainIndex=501
okx_web3,CQ8eW9NcvTza8qDvwML11dzf2MkUbMFxfQ9iKuVmjH9i,CQ8eW9NcvT,64,18.2039,1006.586882,478.674686,100.0,7,7.0,0.0,0.0,2,0,702.0,0.0,STORE|CAMPOS,https://web3.okx.com/portfolio/CQ8eW9NcvTza8qDvwML11dzf2MkUbMFxfQ9iKuVmjH9i/analysis?chainIndex=501
okx_web3,412hPQC2VCX7oZofrV99XrF3VugRP3s4HGb8hoqXuY7k,412hPQC2VC,53,18.0464,1960.777198,574.866463,60.0,10,6.0,4.0,40.0,3,0,131.0,0.0,HUNTER|smokefleet|Leida,https://web3.okx.com/portfolio/412hPQC2VCX7oZofrV99XrF3VugRP3s4HGb8hoqXuY7k/analysis?chainIndex=501
okx_web3,5ZuV8eqkvzYFVEKbLvGBdexL2tFv7E5BCd2HZpjqbdg,Doji,4,17.9672,34958.058744,58.935791,54.8571,865,474.51,390.49,45.1429,3,0,-5010.0,-5560.0,GRIND|Mindanao|Memetic,https://web3.okx.com/portfolio/5ZuV8eqkvzYFVEKbLvGBdexL2tFv7E5BCd2HZpjqbdg/analysis?chainIndex=501
okx_web3,74kZLhcAWKJxsSqbWNr2V8Sap1LNJ47PsfYGJhnB3vNP,74kZLhcAWK,85,17.9672,2506.357891,381.698478,100.0,4,4.0,0.0,0.0,1,0,40.0,0.0,HUNTER,https://web3.okx.com/portfolio/74kZLhcAWKJxsSqbWNr2V8Sap1LNJ47PsfYGJhnB3vNP/analysis?chainIndex=501
okx_web3,83TpbwvN8FaVHUs2kknSppWb9i1NhP2cTGEgBwrSRDfm,83TpbwvN8F,86,17.9505,2848.77945,375.85695,100.0,3,3.0,0.0,0.0,1,0,0.0,0.0,BRICKS,https://web3.okx.com/portfolio/83TpbwvN8FaVHUs2kknSppWb9i1NhP2cTGEgBwrSRDfm/analysis?chainIndex=501
okx_web3,78N177fzNJpp8pG49xDv1efYcTMSzo9tPTKEA9mAVkh2,Sheep,17,17.9291,12648.359566,65.268286,82.9545,365,302.78,62.22,17.0455,3,0,-7120.0,-7883.0,MABEL|Company|ATTENTION,https://web3.okx.com/portfolio/78N177fzNJpp8pG49xDv1efYcTMSzo9tPTKEA9mAVkh2/analysis?chainIndex=501
okx_web3,3DnyhkcpUoPUy8S4PsRWmcwwkiyPf3ApaXsafJ6M6Qj5,3DnyhkcpUo,25,17.8328,179.530784,1143.025575,25.0,6,1.5,4.5,75.0,1,0,179.0,0.0,MEXICO,https://web3.okx.com/portfolio/3DnyhkcpUoPUy8S4PsRWmcwwkiyPf3ApaXsafJ6M6Qj5/analysis?chainIndex=501
okx_web3,GyxTnYNdVSukWhqAmXNpLeVzUyZjoAs9tN3vcUYLxFpD,GyxTnYNdVS,52,17.8303,3004.033472,588.063804,35.7143,26,9.29,16.71,64.2857,3,0,-72.0,-72.0,WORLDCUP|PORTUGAL|SPAIN,https://web3.okx.com/portfolio/GyxTnYNdVSukWhqAmXNpLeVzUyZjoAs9tN3vcUYLxFpD/analysis?chainIndex=501
okx_web3,3CkgBB2ryzxQuSmzPSQ53jtVffPf1Wb1t1HBVs8GmGfw,3CkgBB2ryz,1,17.8199,64896.534929,184.193437,23.8095,382,90.95,291.05,76.1905,3,0,51244.0,-9491.0,KINS|Magpie|FIN,https://web3.okx.com/portfolio/3CkgBB2ryzxQuSmzPSQ53jtVffPf1Wb1t1HBVs8GmGfw/analysis?chainIndex=501
okx_web3,Aq3HRZj1QMUnqWT3VxExYVXUQZ4NhdAhArNkfgZjWtnt,Aq3HRZj1QM,71,17.8188,2061.902456,431.321914,75.0,24,18.0,6.0,25.0,3,0,167.0,-20.0,POKEHUB|POKEHUB|ABEL,https://web3.okx.com/portfolio/Aq3HRZj1QMUnqWT3VxExYVXUQZ4NhdAhArNkfgZjWtnt/analysis?chainIndex=501
okx_web3,5xqxvBV76FEkteUeTFskAEGLeTdvQPx1nUkt5MMeN7Bh,5xqxvBV76F,74,17.7595,1053.410712,421.558352,100.0,8,8.0,0.0,0.0,1,0,1053.0,0.0,Lucy,https://web3.okx.com/portfolio/5xqxvBV76FEkteUeTFskAEGLeTdvQPx1nUkt5MMeN7Bh/analysis?chainIndex=501
okx_web3,79WjCsDV3LKGc8M6ETYfpYdACuJ5DBRjRpsYhJ4H12bM,79WjCsDV3L,48,17.7434,2211.039131,623.709306,50.0,4,2.0,2.0,50.0,1,0,1476.0,-92.0,LOKI,https://web3.okx.com/portfolio/79WjCsDV3LKGc8M6ETYfpYdACuJ5DBRjRpsYhJ4H12bM/analysis?chainIndex=501
okx_web3,HiTLERRASKYjxmpqdZD2PYC9TZanNWCmsK2vbBkqX3pB,HiTLERRASK,18,17.7141,184.379709,1669.923736,25.0,5,1.25,3.75,75.0,1,0,0.0,0.0,honter,https://web3.okx.com/portfolio/HiTLERRASKYjxmpqdZD2PYC9TZanNWCmsK2vbBkqX3pB/analysis?chainIndex=501
okx_web3,GsCmgTgtSSrkz41cVow2mCSDUucv53GhFntPexeWJCj1,GsCmgTgtSS,79,17.7017,2259.33903,410.732058,75.0,24,18.0,6.0,25.0,3,0,1884.0,0.0,STARGRACE|WIM|ASTEROID,https://web3.okx.com/portfolio/GsCmgTgtSSrkz41cVow2mCSDUucv53GhFntPexeWJCj1/analysis?chainIndex=501
okx_web3,GbupAyrL6HJFGavfeF8oqsByaJhUCSLhgshw5iKg75DY,GbupAyrL6H,60,17.6,491.185611,498.003325,100.0,7,7.0,0.0,0.0,3,0,0.0,0.0,EEVEE|Bruce|fART,https://web3.okx.com/portfolio/GbupAyrL6HJFGavfeF8oqsByaJhUCSLhgshw5iKg75DY/analysis?chainIndex=501
okx_web3,ardinRsN1mNYVeoJWTBsWeYeXvuR9UUDGMsCDKpb6AT,trunoest,15,17.5418,13788.815883,10.839904,60.5296,2587,1565.9,1021.1,39.4704,3,0,24.0,-746.0,Bear|Garrett|POKELIQUID,https://web3.okx.com/portfolio/ardinRsN1mNYVeoJWTBsWeYeXvuR9UUDGMsCDKpb6AT/analysis?chainIndex=501
okx_web3,CZg1QhK2drBp7f2HeXa5DHvhnYH94n91jbPcK8v3GNUj,CZg1QhK2dr,48,17.4783,2220.399248,253.894822,100.0,28,28.0,0.0,0.0,1,0,2220.0,-303.0,SALT,https://web3.okx.com/portfolio/CZg1QhK2drBp7f2HeXa5DHvhnYH94n91jbPcK8v3GNUj/analysis?chainIndex=501
okx_web3,CCHUiPrHxoJUJ7bzzVMT31fqKLtVCATjNcJogcPr1Uy9,CCHUiPrHxo,18,17.4456,2484.600341,329.787985,100.0,4,4.0,0.0,0.0,1,0,0.0,0.0,HUNTER,https://web3.okx.com/portfolio/CCHUiPrHxoJUJ7bzzVMT31fqKLtVCATjNcJogcPr1Uy9/analysis?chainIndex=501
okx_web3,Bi4rd5FH5bYEN8scZ7wevxNZyNmKHdaBcvewdPFxYdLt,theo,10,17.3599,16419.76787,15.277557,49.9109,3484,1738.9,1745.1,50.0891,3,0,-1025.0,-3232.0,BOUTYWORK|BRUNO|Scrat,https://web3.okx.com/portfolio/Bi4rd5FH5bYEN8scZ7wevxNZyNmKHdaBcvewdPFxYdLt/analysis?chainIndex=501
okx_web3,AuPp4YTMTyqxYXQnHc5KUc6pUuCSsHQpBJhgnD45yqrf,Dani,5,17.2137,29519.650976,24.566284,49.0566,704,345.36,358.64,50.9434,3,0,-2552.0,-3924.0,SV151|drooling|LIFE,https://web3.okx.com/portfolio/AuPp4YTMTyqxYXQnHc5KUc6pUuCSsHQpBJhgnD45yqrf/analysis?chainIndex=501
okx_web3,J9TYAsWWidbrcZybmLSfrLzryANf4CgJBLdvwdGuC8MB,Johnson,28,17.1595,10021.973194,40.557931,68.4783,882,603.98,278.02,31.5217,3,0,227.0,-1222.0,Trillionaire|SPCX|suit,https://web3.okx.com/portfolio/J9TYAsWWidbrcZybmLSfrLzryANf4CgJBLdvwdGuC8MB/analysis?chainIndex=501
okx_web3,J23qr98GjGJJqKq9CBEnyRhHbmkaVxtTJNNxKu597wsA,gr3g,89,17.0809,2968.039414,369.79114,66.6667,18,12.0,6.0,33.3333,2,0,0.0,0.0,GO|ZCRASH,https://web3.okx.com/portfolio/J23qr98GjGJJqKq9CBEnyRhHbmkaVxtTJNNxKu597wsA/analysis?chainIndex=501
okx_web3,JDd3hy3gQn2V982mi1zqhNqUw1GfV2UL6g76STojCJPN,West,11,17.0649,14828.177592,59.110222,56.0606,766,429.42,336.58,43.9394,3,0,5506.0,-590.0,Bountywork|1B|WORTHLESS,https://web3.okx.com/portfolio/JDd3hy3gQn2V982mi1zqhNqUw1GfV2UL6g76STojCJPN/analysis?chainIndex=501
okx_web3,8VqheuErt9gYeKvshqGYPJjNj7R3jGXZYwrcFtQUsuad,8VqheuErt9,64,17.0279,1346.117298,308.998898,100.0,10,10.0,0.0,0.0,1,0,0.0,0.0,Aaaugh,https://web3.okx.com/portfolio/8VqheuErt9gYeKvshqGYPJjNj7R3jGXZYwrcFtQUsuad/analysis?chainIndex=501
okx_web3,F8a7K2q1C1vNS5VnWaHrYkMpY5JxmLjytaUHFLaRpFSr,F8a7K2q1C1,80,16.981,855.928311,408.62341,100.0,3,3.0,0.0,0.0,1,0,855.0,0.0,$TOP,https://web3.okx.com/portfolio/F8a7K2q1C1vNS5VnWaHrYkMpY5JxmLjytaUHFLaRpFSr/analysis?chainIndex=501
okx_web3,7HiCCSKTzPrQx2bvkjC97bp3iUppeexCQe6PAKDSxjQs,7HiCCSKTzP,73,16.9707,3511.353714,422.398983,37.5,80,30.0,50.0,62.5,3,0,94.0,-28.0,清正|Brötchen|ANSEM,https://web3.okx.com/portfolio/7HiCCSKTzPrQx2bvkjC97bp3iUppeexCQe6PAKDSxjQs/analysis?chainIndex=501
okx_web3,4BdKaxN8G6ka4GYtQQWk4G4dZRUTX2vQH9GcXdBREFUk,jijo,75,16.9457,1312.771589,278.70629,100.0,17,17.0,0.0,0.0,3,0,684.0,-434.0,ASTEROID|Lyhanna|Thicc,https://web3.okx.com/portfolio/4BdKaxN8G6ka4GYtQQWk4G4dZRUTX2vQH9GcXdBREFUk/analysis?chainIndex=501
okx_web3,7Js5gmq57y9jG2sseKrAeJt3vbncSWSFFHDEsyJDnyVm,Yami,7,16.9453,2423.757779,263.612959,100.0,6,6.0,0.0,0.0,1,0,0.0,0.0,PUMPVILLE,https://web3.okx.com/portfolio/7Js5gmq57y9jG2sseKrAeJt3vbncSWSFFHDEsyJDnyVm/analysis?chainIndex=501
okx_web3,C1LB4h3bEZ2cyn8fggEA6SLfawGkJiBmf2sGYYQaofCG,C1LB4h3bEZ,79,16.8555,5355.127055,7.029993,81.9277,432,353.93,78.07,18.0723,3,0,-210.0,-386.0,Jotchua|ZERA|APU,https://web3.okx.com/portfolio/C1LB4h3bEZ2cyn8fggEA6SLfawGkJiBmf2sGYYQaofCG/analysis?chainIndex=501
okx_web3,HsKwGSzNLeKVd81DRm791C9VpPdLEznWB2jiCu4wTJUn,HsKwGSzNLe,54,16.8204,1396.377235,244.804981,100.0,24,24.0,0.0,0.0,3,0,156.0,-29.0,POKEHUB|POKEHUB|ABEL,https://web3.okx.com/portfolio/HsKwGSzNLeKVd81DRm791C9VpPdLEznWB2jiCu4wTJUn/analysis?chainIndex=501
okx_web3,4RyrL9Ew93y5UYhYk5ur95L1ehQQLr2teqVwpRAe6X8E,4RyrL9Ew93,55,16.7446,1664.867663,547.747038,40.0,14,5.6,8.4,60.0,1,0,327.0,-5.0,gaejuki,https://web3.okx.com/portfolio/4RyrL9Ew93y5UYhYk5ur95L1ehQQLr2teqVwpRAe6X8E/analysis?chainIndex=501
okx_web3,2yAC6xp35z2rHrpECuzRAWM5BLnzvu816gYt8kE9DSk8,2yAC6xp35z,80,16.7407,5326.806993,362.972248,38.4615,47,18.08,28.92,61.5385,3,0,4758.0,0.0,GutGenug|锄头|maxxing,https://web3.okx.com/portfolio/2yAC6xp35z2rHrpECuzRAWM5BLnzvu816gYt8kE9DSk8/analysis?chainIndex=501
okx_web3,C8hen6TuB6BGxNfhvpJrqgZMCUJnGZEhKaeavCUzJViM,C8hen6TuB6,63,16.7189,779.458044,315.233094,100.0,17,17.0,0.0,0.0,2,0,0.0,0.0,QNT|acorn,https://web3.okx.com/portfolio/C8hen6TuB6BGxNfhvpJrqgZMCUJnGZEhKaeavCUzJViM/analysis?chainIndex=501
okx_web3,4JDFkybq1s7L2ogu7heTPDhRJxmXGu4yKQgpGBNbGcJ5,4JDFkybq1s,14,16.6975,13868.518334,209.590306,50.0,39,19.5,19.5,50.0,3,0,237.0,-209.0,SV151|ACAT|FIGURINE,https://web3.okx.com/portfolio/4JDFkybq1s7L2ogu7heTPDhRJxmXGu4yKQgpGBNbGcJ5/analysis?chainIndex=501
okx_web3,6S8GezkxYUfZy9JPtYnanbcZTMB87Wjt1qx3c6ELajKC,nyhrox,22,16.677,11805.177352,23.696689,62.2222,454,282.49,171.51,37.7778,3,0,5336.0,-1848.0,HUNTER|PARQ|MMG,https://web3.okx.com/portfolio/6S8GezkxYUfZy9JPtYnanbcZTMB87Wjt1qx3c6ELajKC/analysis?chainIndex=501
okx_web3,Abk9EfhWsLnxuMm7qJXvMYNyvKgtp8sfSoL45srMzP49,Abk9EfhWsL,14,16.6685,3785.433099,3.29113,60.9547,5631,3432.36,2198.64,39.0453,3,0,-930.0,-930.0,Jotchua|Samamfa|PARQ,https://web3.okx.com/portfolio/Abk9EfhWsLnxuMm7qJXvMYNyvKgtp8sfSoL45srMzP49/analysis?chainIndex=501
okx_web3,45Sn4KL1MHqwnpvcyjLnQnCtJDmw6zDeBnPevs5b4ZyG,45Sn4KL1MH,88,16.6334,5077.563648,1.919621,45.8484,11140,5107.51,6032.49,54.1516,3,0,874.0,-325.0,SLAB|BULL|ZERO,https://web3.okx.com/portfolio/45Sn4KL1MHqwnpvcyjLnQnCtJDmw6zDeBnPevs5b4ZyG/analysis?chainIndex=501
okx_web3,HV6qrf4NracZde3KaXfwZ7VrNtMfmWg5WaiaPEpL1LXt,HV6qrf4Nra,42,16.621,309.687648,723.866579,50.0,4,2.0,2.0,50.0,1,0,0.0,0.0,PERPENIS,https://web3.okx.com/portfolio/HV6qrf4NracZde3KaXfwZ7VrNtMfmWg5WaiaPEpL1LXt/analysis?chainIndex=501
okx_web3,7PpDHwPsFKozjZc3y7HDEUGLfks8Ax2QbJnUJLE1ChNS,7PpDHwPsFK,29,16.6148,836.401061,221.484452,100.0,90,90.0,0.0,0.0,1,0,-7.0,-16.0,TRILLION,https://web3.okx.com/portfolio/7PpDHwPsFKozjZc3y7HDEUGLfks8Ax2QbJnUJLE1ChNS/analysis?chainIndex=501
okx_web3,PMJA8UQDyWTFw2Smhyp9jGA6aTaP7jKHR7BPudrgyYN,chester,35,16.5945,8337.480842,7.524363,48.7742,3574,1743.19,1830.81,51.2258,3,0,1310.0,-1438.0,BOUTYWORK|NEO|LMAO!,https://web3.okx.com/portfolio/PMJA8UQDyWTFw2Smhyp9jGA6aTaP7jKHR7BPudrgyYN/analysis?chainIndex=501
okx_web3,4EH92iYK8wua8MyqNExVeiXy5VJUAweXqJPuTWqCvNB8,4EH92iYK8w,27,16.558,2645.232422,3.211228,69.4382,3955,2746.28,1208.72,30.5618,3,0,188.0,-247.0,PT|STEPHEN|SHERBERT,https://web3.okx.com/portfolio/4EH92iYK8wua8MyqNExVeiXy5VJUAweXqJPuTWqCvNB8/analysis?chainIndex=501
okx_web3,CkunCFewEoohH9PKhdxxvpidJq9JXyKExcJcYFWg3egf,CkunCFewEo,81,16.5305,5218.984415,81.282086,78.9474,153,120.79,32.21,21.0526,3,0,-2019.0,-2757.0,ISOR|GDP|PXR,https://web3.okx.com/portfolio/CkunCFewEoohH9PKhdxxvpidJq9JXyKExcJcYFWg3egf/analysis?chainIndex=501
okx_web3,C21R6y1fqFUNCEzNJgjVcEnjTE2y6Cq7GWLfZzkbBm7a,C21R6y1fqF,81,16.4936,2918.121855,406.152103,50.0,15,7.5,7.5,50.0,2,0,335.0,0.0,GO|ZCRASH,https://web3.okx.com/portfolio/C21R6y1fqFUNCEzNJgjVcEnjTE2y6Cq7GWLfZzkbBm7a/analysis?chainIndex=501
okx_web3,B4BRKN4vSDMUNAVX2uRwPGvCr7RGsQ6zSSpdH6EvJq7i,B4BRKN4vSD,68,16.4222,2017.71741,261.256339,100.0,3,3.0,0.0,0.0,1,0,32.0,0.0,HUNTER,https://web3.okx.com/portfolio/B4BRKN4vSDMUNAVX2uRwPGvCr7RGsQ6zSSpdH6EvJq7i/analysis?chainIndex=501
okx_web3,7HbTte3VF7ThD44rXdZK16iv3snMCxUCkbAD7PVDGv9c,7HbTte3VF7,13,16.4141,14127.864806,276.028062,33.3333,35,11.67,23.33,66.6667,1,0,374.0,0.0,WORLDCUP,https://web3.okx.com/portfolio/7HbTte3VF7ThD44rXdZK16iv3snMCxUCkbAD7PVDGv9c/analysis?chainIndex=501
okx_web3,9iaawVBEsFG35PSwd4PahwT8fYNQe9XYuRdWm872dUqY,meechie,30,16.3517,9862.873625,73.439482,56.7164,323,183.19,139.81,43.2836,3,0,1551.0,-1190.0,Attention|USDC|imagine,https://web3.okx.com/portfolio/9iaawVBEsFG35PSwd4PahwT8fYNQe9XYuRdWm872dUqY/analysis?chainIndex=501
okx_web3,BQVz7fQ1WsQmSTMY3umdPEPPTm1sdcBcX9sP7o6kPRmB,Limfork.eth,40,16.3197,7699.170035,7.729343,49.0358,2283,1119.49,1163.51,50.9642,3,0,-1426.0,-2508.0,shibpost|BountyCraft|FIN,https://web3.okx.com/portfolio/BQVz7fQ1WsQmSTMY3umdPEPPTm1sdcBcX9sP7o6kPRmB/analysis?chainIndex=501
okx_web3,F1QnFe6UG7Lawq7Af1n9JK9urFnqYc1TXDhfKfV8jnCu,F1QnFe6UG7,127,16.2935,3670.874492,29.613662,79.4118,465,369.26,95.74,20.5882,3,0,1020.0,-121.0,SWITZERLND|CANADA|NETHERLAND,https://web3.okx.com/portfolio/F1QnFe6UG7Lawq7Af1n9JK9urFnqYc1TXDhfKfV8jnCu/analysis?chainIndex=501
okx_web3,8DJEuRMd8nFEmLjgy8VeZ6uLijwG8fkpjEj2MACpTZKM,8DJEuRMd8n,25,16.2437,1514.609446,174.257319,100.0,24,24.0,0.0,0.0,3,0,229.0,0.0,POKEHUB|ABEL|GOAL,https://web3.okx.com/portfolio/8DJEuRMd8nFEmLjgy8VeZ6uLijwG8fkpjEj2MACpTZKM/analysis?chainIndex=501
okx_web3,3KsusBEDBpcPsmpgAdsseMsWGM1gfaCjky6TkVVwkhR9,3KsusBEDBp,108,16.2331,4285.413541,137.288828,50.0,1060,530.0,530.0,50.0,1,0,1747.0,0.0,AAIF,https://web3.okx.com/portfolio/3KsusBEDBpcPsmpgAdsseMsWGM1gfaCjky6TkVVwkhR9/analysis?chainIndex=501
okx_web3,AgTM7bcPQo2kkru8o2igeiwbAjJY2bubEHHZUQPRhyqG,AgTM7bcPQo,48,16.2252,3600.382368,6.906771,65.1332,1855,1208.22,646.78,34.8668,3,0,496.0,-147.0,Tagoh|pibble|Jotchua,https://web3.okx.com/portfolio/AgTM7bcPQo2kkru8o2igeiwbAjJY2bubEHHZUQPRhyqG/analysis?chainIndex=501
okx_web3,CqpAZCxFcppL6uvCMvkU97FW3gpdjtKFSTtzDYnrk3jf,CqpAZCxFcp,57,16.1937,2195.229591,504.286883,33.3333,12,4.0,8.0,66.6667,1,0,2210.0,0.0,KINS,https://web3.okx.com/portfolio/CqpAZCxFcppL6uvCMvkU97FW3gpdjtKFSTtzDYnrk3jf/analysis?chainIndex=501
okx_web3,8SuWWfTG2aU4RA93yZ1tr1H2nidrimupf8toq32BdtQJ,8SuWWfTG2a,18,16.1903,12536.012703,208.628523,27.5,201,55.27,145.73,72.5,3,0,457.0,-506.0,Jotchua|LMEOW|清正,https://web3.okx.com/portfolio/8SuWWfTG2aU4RA93yZ1tr1H2nidrimupf8toq32BdtQJ/analysis?chainIndex=501
okx_web3,5BxootbxVKu7uYLRRusSD7GR5srM3iHFfBE6rr5eRXb4,5BxootbxVK,16,16.1892,12842.747189,11.554062,37.0558,2036,754.46,1281.54,62.9442,3,0,626.0,-1827.0,HUNTER|KINS|Bountywork,https://web3.okx.com/portfolio/5BxootbxVKu7uYLRRusSD7GR5srM3iHFfBE6rr5eRXb4/analysis?chainIndex=501
okx_web3,2g8hUof38PFsdVRYfwtCwbYWoEw4rvtfbX1nsaxRabPn,2g8hUof38P,35,16.1434,8786.81218,71.832485,66.6667,87,58.0,29.0,33.3333,3,0,-3899.0,-3899.0,three|PARQ|JACK,https://web3.okx.com/portfolio/2g8hUof38PFsdVRYfwtCwbYWoEw4rvtfbX1nsaxRabPn/analysis?chainIndex=501
okx_web3,9DwWCpK9PWu4CS6xbYab2rot3VqAAxqnExfw8xUgYrRA,9DwWCpK9PW,77,16.1326,942.386386,213.866051,100.0,26,26.0,0.0,0.0,3,0,129.0,-34.0,POKEHUB|POKEHUB|ABEL,https://web3.okx.com/portfolio/9DwWCpK9PWu4CS6xbYab2rot3VqAAxqnExfw8xUgYrRA/analysis?chainIndex=501
okx_web3,AoZ74CzdUHekKGsmLkaLnJjjkjgZsS57HXXyvUT8rMrE,AoZ74CzdUH,25,16.132,10656.942292,32.451357,50.8772,583,296.61,286.39,49.1228,3,0,-1947.0,-4339.0,GO|SLAB|KINS,https://web3.okx.com/portfolio/AoZ74CzdUHekKGsmLkaLnJjjkjgZsS57HXXyvUT8rMrE/analysis?chainIndex=501
okx_web3,CVj4j7mXrwJpUC3R33KmA48LwFoVekLfd6y5tru6P5c1,CVj4j7mXrw,84,16.1027,942.090436,389.506432,66.6667,20,13.33,6.67,33.3333,2,0,-27.0,-27.0,Lifemaxxing|LarpTube,https://web3.okx.com/portfolio/CVj4j7mXrwJpUC3R33KmA48LwFoVekLfd6y5tru6P5c1/analysis?chainIndex=501
okx_web3,F5SqYvQdsPntppremojbPvFuoTg9bKDxzXNQmJkdXke8,F5SqYvQdsP,69,16.0786,1421.039103,259.5958,100.0,3,3.0,0.0,0.0,1,0,1421.0,0.0,Lucy,https://web3.okx.com/portfolio/F5SqYvQdsPntppremojbPvFuoTg9bKDxzXNQmJkdXke8/analysis?chainIndex=501
okx_web3,BtMBMPkoNbnLF9Xn552guQq528KKXcsNBNNBre3oaQtr,letterbomb 🟪🔶🟦⟠,44,16.0764,7347.564843,33.929108,58.9744,507,299.0,208.0,41.0256,3,0,319.0,-255.0,NICO|자산|푸바오,https://web3.okx.com/portfolio/BtMBMPkoNbnLF9Xn552guQq528KKXcsNBNNBre3oaQtr/analysis?chainIndex=501
okx_web3,6MjabKBkgxotx3QmY1nJnyaxjaZNKoc9hrdbPDjRytTF,6MjabKBkgx,81,16.0671,1416.491366,258.765018,100.0,3,3.0,0.0,0.0,1,0,1416.0,0.0,Lucy,https://web3.okx.com/portfolio/6MjabKBkgxotx3QmY1nJnyaxjaZNKoc9hrdbPDjRytTF/analysis?chainIndex=501
okx_web3,B32QbbdDAyhvUQzjcaM5j6ZVKwjCxAwGH5Xgvb9SJqnC,KADENOX,89,16.065,5076.370013,18.174212,68.2171,465,317.21,147.79,31.7829,3,0,1675.0,-341.0,ASTEROID|PUMPI|FIN,https://web3.okx.com/portfolio/B32QbbdDAyhvUQzjcaM5j6ZVKwjCxAwGH5Xgvb9SJqnC/analysis?chainIndex=501
okx_web3,CECN4BW4DKnbyddkd9FhWVR5dotzKhQr5p7DUPhQ55Du,Megz 📚,46,16.0496,7202.027029,35.424661,60.4167,354,213.88,140.12,39.5833,3,0,5402.0,-2074.0,清正|poopcat|ACAT,https://web3.okx.com/portfolio/CECN4BW4DKnbyddkd9FhWVR5dotzKhQr5p7DUPhQ55Du/analysis?chainIndex=501
okx_web3,AmHZr5CPJ88F5rMneFNSdbEqerDAozPkfLFErTuNLFjC,AmHZr5CPJ8,53,16.0114,6826.661981,299.881894,30.0,57,17.1,39.9,70.0,3,0,7155.0,0.0,GutGenug|Tourists|锄头,https://web3.okx.com/portfolio/AmHZr5CPJ88F5rMneFNSdbEqerDAozPkfLFErTuNLFjC/analysis?chainIndex=501
okx_web3,8V2EhfiLiM8R2jYH1y4xhoRNkZc3psseHbpcedYpZHgi,8V2EhfiLiM,21,15.9471,11841.1736,228.373033,28.5714,70,20.0,50.0,71.4286,2,0,2852.0,-192.0,PARQ|fable,https://web3.okx.com/portfolio/8V2EhfiLiM8R2jYH1y4xhoRNkZc3psseHbpcedYpZHgi/analysis?chainIndex=501
okx_web3,Gb96Sx8GY8kjSaza7ZGZwLqxMDiVeTJs2ycimPLEzbE1,Gb96Sx8GY8,59,15.9385,742.903209,501.311201,40.0,45,18.0,27.0,60.0,2,0,0.0,0.0,POKETCG|POKEGOTCHI,https://web3.okx.com/portfolio/Gb96Sx8GY8kjSaza7ZGZwLqxMDiVeTJs2ycimPLEzbE1/analysis?chainIndex=501
okx_web3,9C4CAHSm8uYvcPWmrNrzop67KWURqnPKEMDF4j24LorJ,9C4CAHSm8u,21,15.8899,582.454069,297.636922,100.0,8,8.0,0.0,0.0,3,0,-47.0,-47.0,Heart-Chan|Mani|FURBES,https://web3.okx.com/portfolio/9C4CAHSm8uYvcPWmrNrzop67KWURqnPKEMDF4j24LorJ/analysis?chainIndex=501
okx_web3,7J6vCDGJdFmhCdC51yijkpknm8weHCuKkp1cCMpdCNbS,7J6vCDGJdF,26,15.8898,10488.763668,109.471521,39.1304,349,136.57,212.43,60.8696,3,0,7513.0,-121.0,KINS|POKECR|VOXEL,https://web3.okx.com/portfolio/7J6vCDGJdFmhCdC51yijkpknm8weHCuKkp1cCMpdCNbS/analysis?chainIndex=501
okx_web3,7S1z2A7AsCu8pqFoMkhBKmF9xFZZu7QLjnLFhwhx1kDV,7S1z2A7AsC,90,15.8746,401.580411,368.579193,100.0,3,3.0,0.0,0.0,1,0,0.0,0.0,WERLD,https://web3.okx.com/portfolio/7S1z2A7AsCu8pqFoMkhBKmF9xFZZu7QLjnLFhwhx1kDV/analysis?chainIndex=501
okx_web3,G6fUXjMKPJzCY1rveAE6Qm7wy5U3vZgKDJmN1VPAdiZC,clukz,20,15.8603,12142.86752,30.025438,52.0,199,103.48,95.52,48.0,3,0,11260.0,-1174.0,getmeajob|Tyson|STARGRACE,https://web3.okx.com/portfolio/G6fUXjMKPJzCY1rveAE6Qm7wy5U3vZgKDJmN1VPAdiZC/analysis?chainIndex=501
okx_web3,7eFTf9pydRGY3smsQYMyzMXDW9hE9YNnAWZKUsZW5Kcn,7eFTf9pydR,43,15.853,373.511707,688.784155,20.0,12,2.4,9.6,80.0,1,0,-78.0,-78.0,goblintown,https://web3.okx.com/portfolio/7eFTf9pydRGY3smsQYMyzMXDW9hE9YNnAWZKUsZW5Kcn/analysis?chainIndex=501
okx_web3,Csx99jzSDjz88Ed3YHkZMB8vCKgEiChU1oaGPAGJMsVP,Csx99jzSDj,49,15.8157,7025.497175,180.39488,42.8571,121,51.86,69.14,57.1429,3,0,-28.0,-86.0,SLAB|Cockroach|福宝,https://web3.okx.com/portfolio/Csx99jzSDjz88Ed3YHkZMB8vCKgEiChU1oaGPAGJMsVP/analysis?chainIndex=501
okx_web3,4fZFcK8ms3bFMpo1ACzEUz8bH741fQW4zhAMGd5yZMHu,Rilsio,41,15.8048,7663.390596,14.390867,47.3054,976,461.7,514.3,52.6946,3,0,-275.0,-1313.0,STEPHEN|Booty|Bountywork,https://web3.okx.com/portfolio/4fZFcK8ms3bFMpo1ACzEUz8bH741fQW4zhAMGd5yZMHu/analysis?chainIndex=501
okx_web3,2tYcXQCfTtQg5dKLEpQn26DjrfhTXhGB8Rh1oiv69DJc,2tYcXQCfTt,38,15.7915,2441.100994,3.714903,55.4131,4409,2443.16,1965.84,44.5869,3,0,-341.0,-477.0,Jotchua|peg|Tagoh,https://web3.okx.com/portfolio/2tYcXQCfTtQg5dKLEpQn26DjrfhTXhGB8Rh1oiv69DJc/analysis?chainIndex=501
okx_web3,DZcyYa9aPRFnbkDPn3HYvfpiRH9GBz3EjTB5fLjk8Vge,DZcyYa9aPR,3,15.789,3646.008439,1.695897,42.4603,5094,2162.93,2931.07,57.5397,3,0,778.0,-285.0,PARQ|ZERA|WIF,https://web3.okx.com/portfolio/DZcyYa9aPRFnbkDPn3HYvfpiRH9GBz3EjTB5fLjk8Vge/analysis?chainIndex=501
okx_web3,6YScMCGFQhgbSjTbE7YT1G1sPsgei2TApZJPkBcFasug,6YScMCGFQh,45,15.7602,394.198542,677.861526,15.3846,36,5.54,30.46,84.6154,3,0,0.0,0.0,POKELIQUID|清正|goyslop,https://web3.okx.com/portfolio/6YScMCGFQhgbSjTbE7YT1G1sPsgei2TApZJPkBcFasug/analysis?chainIndex=501
okx_web3,6dttEjZXrbjKfbvzGMdTecnTS8k21fQ3ho7q6KkePT9H,6dttEjZXrb,66,15.7574,6011.125057,94.124073,51.5625,349,179.95,169.05,48.4375,3,0,520.0,-36.0,Jotchua|VANCE|Gnome,https://web3.okx.com/portfolio/6dttEjZXrbjKfbvzGMdTecnTS8k21fQ3ho7q6KkePT9H/analysis?chainIndex=501
okx_web3,6DUXCaSJtrYeg5AjYeVUHm6B9SgqEPQxSkxsEAi2n5hh,6DUXCaSJtr,61,15.7572,107.378432,494.045684,100.0,4,4.0,0.0,0.0,1,0,0.0,0.0,MANDEB,https://web3.okx.com/portfolio/6DUXCaSJtrYeg5AjYeVUHm6B9SgqEPQxSkxsEAi2n5hh/analysis?chainIndex=501
okx_web3,7npfXqG4qiNAA26GCFNs6U4UnWSvaJyw1WX6tMmF4ZDa,7npfXqG4qi,52,15.7371,1358.519698,118.340394,100.0,32,32.0,0.0,0.0,3,0,430.0,0.0,POKEHUB|ABEL|POKEHUB,https://web3.okx.com/portfolio/7npfXqG4qiNAA26GCFNs6U4UnWSvaJyw1WX6tMmF4ZDa/analysis?chainIndex=501
okx_web3,D3dGSyWF53e9DZDZb5m2WapCuABN1JcCt2q8EhwaqEm8,D3dGSyWF53,5,15.6763,4220.876781,2.556665,57.8947,542,313.79,228.21,42.1053,3,0,-334.0,-2961.0,Jotchua|KINS|STARGRACE,https://web3.okx.com/portfolio/D3dGSyWF53e9DZDZb5m2WapCuABN1JcCt2q8EhwaqEm8/analysis?chainIndex=501
okx_web3,6pLjBnoxF6DP8dpbhtVs1dykZPmP1WVFV7GjhpWnBHBx,6pLjBnoxF6,68,15.649,5969.358802,56.183237,53.6585,426,228.59,197.41,46.3415,3,0,-2100.0,-2219.0,SOL777|MFinu|Mimu,https://web3.okx.com/portfolio/6pLjBnoxF6DP8dpbhtVs1dykZPmP1WVFV7GjhpWnBHBx/analysis?chainIndex=501
okx_web3,FsG3BaPmRTdSrPaivbgJsFNCCa8cPfkUtk8VLWXkHpHP,Reljoo,27,15.6326,10049.128525,17.289103,38.5321,920,354.5,565.5,61.4679,3,0,818.0,-1371.0,SV151|GUM|honter,https://web3.okx.com/portfolio/FsG3BaPmRTdSrPaivbgJsFNCCa8cPfkUtk8VLWXkHpHP/analysis?chainIndex=501
okx_web3,CxgPWvH2GoEDENELne2XKAR2z2Fr4shG2uaeyqZceGve,narc,2,15.6297,3177.89187,82.431937,100.0,7,7.0,0.0,0.0,3,0,1315.0,0.0,Buttcoin|KINS|BALLS,https://web3.okx.com/portfolio/CxgPWvH2GoEDENELne2XKAR2z2Fr4shG2uaeyqZceGve/analysis?chainIndex=501
okx_web3,C9J5tKirDaWoc3zFxn1N7N14TEwTRYk8FDZw3saSeQeg,C9J5tKirDa,105,15.6087,4432.648923,253.33452,37.5,88,33.0,55.0,62.5,3,0,3.0,-1.0,GO|$tupid|TAGOH,https://web3.okx.com/portfolio/C9J5tKirDaWoc3zFxn1N7N14TEwTRYk8FDZw3saSeQeg/analysis?chainIndex=501
okx_web3,BfzPRP73iwNCRFWkXq1Q8Zo25egGPsuqJbKfu8YPBX3j,BfzPRP73iw,17,15.5961,1536.98136,1.495374,69.6203,1171,815.25,355.75,30.3797,3,0,-209.0,-417.0,Billy|WCB|three,https://web3.okx.com/portfolio/BfzPRP73iwNCRFWkXq1Q8Zo25egGPsuqJbKfu8YPBX3j/analysis?chainIndex=501
okx_web3,2e1w3Xo441Ytvwn54wCn8itAXwCKbiizc9ynGEv14Vis,coge,24,15.5953,11398.082986,13.221394,44.8276,306,137.17,168.83,55.1724,3,0,8306.0,-39.0,Jotchua|PERPAD|Bountywork,https://web3.okx.com/portfolio/2e1w3Xo441Ytvwn54wCn8itAXwCKbiizc9ynGEv14Vis/analysis?chainIndex=501
okx_web3,8iQPFUGuUpaivoQUTzHCDwqGdG8aGCbaVTPZpQwybfik,8iQPFUGuUp,76,15.5908,903.011356,414.918326,66.6667,3,2.0,1.0,33.3333,2,0,130.0,0.0,BEAN|SpuceX,https://web3.okx.com/portfolio/8iQPFUGuUpaivoQUTzHCDwqGdG8aGCbaVTPZpQwybfik/analysis?chainIndex=501
okx_web3,8TQvBqsBWW8vRR7eWyYSnPJevKYX97jE97ztVUgEzRip,8TQvBqsBWW,31,15.5791,9549.293146,109.174913,35.4167,319,112.98,206.02,64.5833,3,0,2788.0,-90.0,PARQ|250|BONKAI,https://web3.okx.com/portfolio/8TQvBqsBWW8vRR7eWyYSnPJevKYX97jE97ztVUgEzRip/analysis?chainIndex=501
okx_web3,FRLwWJmAfgpJ3fgQgsk8h26uELXL6MThYx9Evk43f23P,FRLwWJmAfg,38,15.5777,8000.983266,25.156629,46.4286,588,273.0,315.0,53.5714,3,0,-1749.0,-4072.0,SLAB|GO|KINS,https://web3.okx.com/portfolio/FRLwWJmAfgpJ3fgQgsk8h26uELXL6MThYx9Evk43f23P/analysis?chainIndex=501
okx_web3,8FUfYWYWxLNEWgHwT2RbWSTThstaHXXtLDvMuvNRjxMV,8FUfYWYWxL,9,15.575,18015.831163,76.325362,35.0,137,47.95,89.05,65.0,3,0,3019.0,-41.0,Jotchua|Bountywork|GutGenug,https://web3.okx.com/portfolio/8FUfYWYWxLNEWgHwT2RbWSTThstaHXXtLDvMuvNRjxMV/analysis?chainIndex=501
okx_web3,8PwmF8KBYjrz8G9RPN3M9p3ZZePyEv4pn8Uc1R7nLYAs,8PwmF8KBYj,98,15.5735,4642.179908,44.755435,59.3496,415,246.3,168.7,40.6504,3,0,-1485.0,-1801.0,SOL777|vibes|Mimu,https://web3.okx.com/portfolio/8PwmF8KBYjrz8G9RPN3M9p3ZZePyEv4pn8Uc1R7nLYAs/analysis?chainIndex=501
okx_web3,4pygvqPGWqJhPFyUE9pqRqPjKHJ2LUUcC4RoWbj971em,4pygvqPGWq,31,15.5689,1636.327352,50.541691,100.0,48,48.0,0.0,0.0,1,0,1636.0,-1482.0,SALT,https://web3.okx.com/portfolio/4pygvqPGWqJhPFyUE9pqRqPjKHJ2LUUcC4RoWbj971em/analysis?chainIndex=501
okx_web3,GSSuPn6mPexFbJhBJbUstKYdz4Go3AQBnHA6C5WoJ4Dm,GSSuPn6mPe,25,15.5663,1182.211325,64.340424,100.0,78,78.0,0.0,0.0,3,0,25.0,-95.0,UTFS|AOAF|USER,https://web3.okx.com/portfolio/GSSuPn6mPexFbJhBJbUstKYdz4Go3AQBnHA6C5WoJ4Dm/analysis?chainIndex=501
okx_web3,GzFxv4rP99HvMay6jFBmEQhKB29L5CGxpRHZbRGLCAk7,GzFxv4rP99,73,15.564,2435.939362,72.822254,100.0,13,13.0,0.0,0.0,2,0,2026.0,0.0,KINS|NAJ,https://web3.okx.com/portfolio/GzFxv4rP99HvMay6jFBmEQhKB29L5CGxpRHZbRGLCAk7/analysis?chainIndex=501
okx_web3,DjM7Tu7whh6P3pGVBfDzwXAx2zaw51GJWrJE3PwtuN7s,LUKEY ✣,55,15.5591,1647.276872,59.43391,100.0,40,40.0,0.0,0.0,3,0,-51.0,-235.0,NIGGA|ZEC|STABLE,https://web3.okx.com/portfolio/DjM7Tu7whh6P3pGVBfDzwXAx2zaw51GJWrJE3PwtuN7s/analysis?chainIndex=501
okx_web3,HWYpE693cw8AWxHSynrHhUsKDbfzubAFYWpTcMZdNWKR,HWYpE693cw,19,15.5519,12438.75883,34.514208,45.4545,180,81.82,98.18,54.5455,3,0,-732.0,-1614.0,SV151|GUM|Goblin,https://web3.okx.com/portfolio/HWYpE693cw8AWxHSynrHhUsKDbfzubAFYWpTcMZdNWKR/analysis?chainIndex=501
okx_web3,BTf4A2exGK9BCVDNzy65b9dUzXgMqB4weVkvTMFQsadd,.,31,15.5182,4117.902533,6.448602,51.1811,1167,597.28,569.72,48.8189,3,0,78.0,-769.0,peg|BAGSLIFE|MAITIU,https://web3.okx.com/portfolio/BTf4A2exGK9BCVDNzy65b9dUzXgMqB4weVkvTMFQsadd/analysis?chainIndex=501
okx_web3,5MfUNLHZH7mdbv9qhJonbN417S1nt1RWhEM79jNojzTx,5MfUNLHZH7,27,15.4941,569.022697,288.99605,100.0,4,4.0,0.0,0.0,2,0,569.0,0.0,YAP|FIVEISH,https://web3.okx.com/portfolio/5MfUNLHZH7mdbv9qhJonbN417S1nt1RWhEM79jNojzTx/analysis?chainIndex=501
okx_web3,5qx7yV4Cwg67iEDSuszwMHYrQDJRnSCDF5DS6ZPAFvnV,5qx7yV4Cwg,32,15.4884,8677.294484,20.313545,47.191,361,170.36,190.64,52.809,3,0,-13815.0,-13815.0,Gorilla|Bountities|GutGenug,https://web3.okx.com/portfolio/5qx7yV4Cwg67iEDSuszwMHYrQDJRnSCDF5DS6ZPAFvnV/analysis?chainIndex=501
okx_web3,5qWge4zUyQenk53EhAAQ5yP4LWxuvdqJpRBZZbGd4tv9,Mystayor 兽 💹🧲,99,15.4851,4614.878606,10.340617,58.3333,446,260.17,185.83,41.6667,3,0,-1620.0,-1749.0,LAPTOP|Fin|UPDOG,https://web3.okx.com/portfolio/5qWge4zUyQenk53EhAAQ5yP4LWxuvdqJpRBZZbGd4tv9/analysis?chainIndex=501
okx_web3,GNrmKZCxYyNiSUsjduwwPJzhed3LATjciiKVuSGrsHEC,Giann,65,15.4832,6047.225213,17.780525,49.2611,698,343.84,354.16,50.7389,3,0,-153.0,-777.0,HONTER|Jotchua|BRUNO,https://web3.okx.com/portfolio/GNrmKZCxYyNiSUsjduwwPJzhed3LATjciiKVuSGrsHEC/analysis?chainIndex=501
okx_web3,CBqeyj1gzoTUs2UWNm2TtgXDTGRVuvShJGq5wLHHVo2K,CBqeyj1gzo,150,15.459,3224.822167,309.208689,41.6667,25,10.42,14.58,58.3333,3,0,-325.0,-997.0,Trillionaire|Neuralese|Bloodbath,https://web3.okx.com/portfolio/CBqeyj1gzoTUs2UWNm2TtgXDTGRVuvShJGq5wLHHVo2K/analysis?chainIndex=501
okx_web3,CgaA9a1JwAXJyfHuvZ7VW8YfTVRkdiT5mjBBSKcg7Rz5,Art,76,15.4392,5420.779455,7.466853,41.896,1554,651.06,902.94,58.104,3,0,-275.0,-1545.0,LIFE|Ruger|ANSEM,https://web3.okx.com/portfolio/CgaA9a1JwAXJyfHuvZ7VW8YfTVRkdiT5mjBBSKcg7Rz5/analysis?chainIndex=501
okx_web3,betAswfLyVc4KPqgVrJbZQ8XisoxEmLCpsKgvVkq7Ez,betAswfLyV,70,15.4142,2196.760156,5.464808,70.3704,488,343.41,144.59,29.6296,3,0,240.0,-33.0,DORA|MBAPPE|KORI,https://web3.okx.com/portfolio/betAswfLyVc4KPqgVrJbZQ8XisoxEmLCpsKgvVkq7Ez/analysis?chainIndex=501
okx_web3,7ALcq5pbETMbjP7kjZZE1epYRbnh9NhgMxtCEKvL6MTM,7ALcq5pbET,114,15.4104,4102.70335,39.245982,59.3496,417,247.49,169.51,40.6504,3,0,-1398.0,-1685.0,SOL777|vibes|Mimu,https://web3.okx.com/portfolio/7ALcq5pbETMbjP7kjZZE1epYRbnh9NhgMxtCEKvL6MTM/analysis?chainIndex=501
okx_web3,CEUA7zVoDRqRYoeHTP58UHU6TR8yvtVbeLrX1dppqoXJ,Tom,73,15.3955,5472.045904,2.583651,35.5814,1989,707.71,1281.29,64.4186,3,0,-2051.0,-2603.0,Bountywork|ATTENTION|ZOO,https://web3.okx.com/portfolio/CEUA7zVoDRqRYoeHTP58UHU6TR8yvtVbeLrX1dppqoXJ/analysis?chainIndex=501
okx_web3,BHo4zB9MyfqxVDWLXRaJhhbgXFF94HydXxJVgBMWxTt,BHo4zB9Myf,75,15.3881,5432.950365,9.521024,55.0,342,188.1,153.9,45.0,3,0,1779.0,-240.0,HUNTER|Magpie|SV151,https://web3.okx.com/portfolio/BHo4zB9MyfqxVDWLXRaJhhbgXFF94HydXxJVgBMWxTt/analysis?chainIndex=501
okx_web3,6GBG8SDMCESvhNzmVyHyQz8ZtonHqXKXWb6FMYZC3HWm,6GBG8SDMCE,50,15.3704,6997.491832,117.909154,50.0,77,38.5,38.5,50.0,3,0,459.0,-1.0,ECASH|Verdis|JBANK,https://web3.okx.com/portfolio/6GBG8SDMCESvhNzmVyHyQz8ZtonHqXKXWb6FMYZC3HWm/analysis?chainIndex=501
okx_web3,7e42hRiWrAE6jb7SzGajpFSNYXH4XnigFoqws3fZoAMt,7e42hRiWrA,104,15.3642,4487.106819,42.852843,56.0976,416,233.37,182.63,43.9024,3,0,-1452.0,-1828.0,SOL777|vibes|Mimu,https://web3.okx.com/portfolio/7e42hRiWrAE6jb7SzGajpFSNYXH4XnigFoqws3fZoAMt/analysis?chainIndex=501
okx_web3,2BZ9V8vc6XMZtHcY1vLokmtfumNW2Kfvjkr1EwAAkxUN,2BZ9V8vc6X,156,15.3621,3136.000908,118.287477,65.0,95,61.75,33.25,35.0,3,0,1708.0,-413.0,KINS|stonks|BITCOIN,https://web3.okx.com/portfolio/2BZ9V8vc6XMZtHcY1vLokmtfumNW2Kfvjkr1EwAAkxUN/analysis?chainIndex=501
okx_web3,4U49yhTvtd5b4igbaMz3xDX5Qf3AYhcrZZgAT7ZJPWmF,4U49yhTvtd,54,15.3477,6808.703419,218.251206,26.087,138,36.0,102.0,73.913,3,0,7484.0,0.0,FANTASY|Nessie|alex,https://web3.okx.com/portfolio/4U49yhTvtd5b4igbaMz3xDX5Qf3AYhcrZZgAT7ZJPWmF/analysis?chainIndex=501
okx_web3,7pNtXQ4CXEbSKGYP4DVxgTnCFhnhnAJgBhEkwvzYDHC2,7pNtXQ4CXE,3,15.3438,940.30544,137.298838,100.0,22,22.0,0.0,0.0,3,0,127.0,-35.0,POKEHUB|ABEL|POKEHUB,https://web3.okx.com/portfolio/7pNtXQ4CXEbSKGYP4DVxgTnCFhnhnAJgBhEkwvzYDHC2/analysis?chainIndex=501
okx_web3,8JWx2gV9WnhdrZGTsi3hwfaAiiS2K51HtAQ3jFZPC3D4,8JWx2gV9Wn,86,15.3221,5114.017217,15.161269,57.5758,275,158.33,116.67,42.4242,3,0,3664.0,-50.0,清正|CHANCE|STARGRACE,https://web3.okx.com/portfolio/8JWx2gV9WnhdrZGTsi3hwfaAiiS2K51HtAQ3jFZPC3D4/analysis?chainIndex=501
